{
  "project_info": {
    "project_number": "376878905543",
    "firebase_url": "https://bookapp-da353-default-rtdb.firebaseio.com",
    "project_id": "bookapp-da353",
    "storage_bucket": "bookapp-da353.appspot.com"
  },
  "client": [
    {
      "client_info": {
        "mobilesdk_app_id": "1:376878905543:android:02c5f88da0e4add7fda6e2",
        "android_client_info": {
          "package_name": "com.example.book"
        }
      },
      "oauth_client": [
        {
          "client_id": "376878905543-f96c4h63omndsloqrf77ldh3gglk29ir.apps.googleusercontent.com",
          "client_type": 3
        }
      ],
      "api_key": [
        {
          "current_key": "AIzaSyDKeOvgbGFEPiX8x9HF6_jPSDYTkYFI8h4"
        }
      ],
      "services": {
        "appinvite_service": {
          "other_platform_oauth_client": [
            {
              "client_id": "376878905543-f96c4h63omndsloqrf77ldh3gglk29ir.apps.googleusercontent.com",
              "client_type": 3
            }
          ]
        }
      }
    }
  ],
  "configuration_version": "1"
}